Date,Data_Value
2005-01-01,156
2005-01-02,139
2005-01-03,133
2005-01-04,39
2005-01-05,33
2005-01-06,0
2005-01-07,6
2005-01-08,17
2005-01-09,28
2005-01-10,44
2005-01-11,44
2005-01-12,139
2005-01-13,161
2005-01-14,150
2005-01-15,-33
2005-01-16,-33
2005-01-17,-50
2005-01-18,-33
2005-01-19,11
2005-01-20,11
2005-01-21,-39
2005-01-22,-72
2005-01-23,-44
2005-01-24,11
2005-01-25,28
2005-01-26,28
2005-01-27,6
2005-01-28,-11
2005-01-30,28
2005-01-31,33
2005-03-01,39
2005-03-02,-11
2005-03-03,17
2005-03-04,44
2005-03-05,78
2005-03-06,194
2005-03-07,139
2005-03-08,139
2005-03-09,-6
2005-03-10,61
2005-03-11,33
2005-03-12,28
2005-03-13,39
2005-03-14,39
2005-03-15,56
2005-03-16,78
2005-03-17,67
2005-03-18,50
2005-03-19,117
2005-03-20,50
2005-03-21,56
2005-03-22,94
2005-03-23,94
2005-03-24,106
2005-03-25,100
2005-03-26,89
2005-03-27,139
2005-03-28,167
2005-03-30,239
2005-03-31,233
2005-04-01,200
2005-04-02,133
2005-04-03,156
2005-04-04,200
2005-04-05,256
2005-04-06,272
2005-04-07,267
2005-04-08,189
2005-04-09,200
2005-04-10,233
2005-04-11,228
2005-04-12,183
2005-04-13,172
2005-04-14,206
2005-04-15,206
2005-04-16,244
2005-04-17,244
2005-04-18,272
2005-04-19,289
2005-04-20,289
2005-04-21,250
2005-04-22,156
2005-04-23,111
2005-04-24,156
2005-04-25,178
2005-04-26,167
2005-04-27,156
2005-04-28,156
2005-04-30,144
2005-05-01,156
2005-05-02,144
2005-05-03,122
2005-05-04,167
2005-05-05,172
2005-05-06,228
2005-05-07,233
2005-05-08,250
2005-05-09,289
2005-05-10,294
2005-05-11,294
2005-05-12,233
2005-05-13,228
2005-05-14,228
2005-05-15,200
2005-05-16,156
2005-05-17,200
2005-05-18,228
2005-05-19,217
2005-05-20,233
2005-05-21,261
2005-05-22,261
2005-05-23,217
2005-05-24,217
2005-05-25,239
2005-05-26,261
2005-05-27,261
2005-05-28,256
2005-05-30,239
2005-05-31,272
2005-06-01,272
2005-06-02,272
2005-06-03,267
2005-06-04,311
2005-06-05,344
2005-06-06,344
2005-06-07,344
2005-06-08,350
2005-06-09,350
2005-06-10,350
2005-06-11,350
2005-06-12,317
2005-06-13,306
2005-06-14,317
2005-06-15,328
2005-06-16,289
2005-06-17,228
2005-06-18,228
2005-06-19,267
2005-06-20,283
2005-06-21,311
2005-06-22,306
2005-06-23,317
2005-06-24,367
2005-06-25,372
2005-06-26,378
2005-06-27,361
2005-06-28,356
2005-06-30,339
2005-07-01,317
2005-07-02,294
2005-07-03,294
2005-07-04,350
2005-07-05,361
2005-07-06,300
2005-07-07,317
2005-07-08,300
2005-07-09,317
2005-07-10,328
2005-07-11,328
2005-07-12,350
2005-07-13,339
2005-07-14,333
2005-07-15,328
2005-07-16,317
2005-07-17,383
2005-07-18,333
2005-07-19,322
2005-07-20,328
2005-07-21,328
2005-07-22,322
2005-07-23,317
2005-07-24,339
2005-07-25,339
2005-07-26,344
2005-07-27,333
2005-07-28,272
2005-07-30,289
2005-07-31,300
2005-08-01,333
2005-08-02,333
2005-08-03,361
2005-08-04,339
2005-08-05,339
2005-08-06,311
2005-08-07,317
2005-08-08,333
2005-08-09,333
2005-08-10,322
2005-08-11,322
2005-08-12,328
2005-08-13,333
2005-08-14,289
2005-08-15,283
2005-08-16,300
2005-08-17,306
2005-08-18,306
2005-08-19,317
2005-08-20,322
2005-08-21,300
2005-08-22,294
2005-08-23,289
2005-08-24,289
2005-08-25,300
2005-08-26,300
2005-08-27,317
2005-08-28,317
2005-08-30,322
2005-08-31,317
2005-09-01,294
2005-09-02,300
2005-09-03,294
2005-09-04,289
2005-09-05,272
2005-09-06,294
2005-09-07,306
2005-09-08,311
2005-09-09,289
2005-09-10,306
2005-09-11,328
2005-09-12,328
2005-09-13,333
2005-09-14,333
2005-09-15,311
2005-09-16,261
2005-09-17,233
2005-09-18,278
2005-09-19,289
2005-09-20,278
2005-09-21,300
2005-09-22,311
2005-09-23,311
2005-09-24,311
2005-09-25,283
2005-09-26,278
2005-09-27,256
2005-09-28,256
2005-09-30,222
2005-10-01,261
2005-10-02,289
2005-10-03,311
2005-10-04,311
2005-10-05,306
2005-10-06,294
2005-10-07,289
2005-10-08,278
2005-10-09,183
2005-10-10,183
2005-10-11,172
2005-10-12,172
2005-10-13,211
2005-10-14,250
2005-10-15,239
2005-10-16,206
2005-10-17,183
2005-10-18,222
2005-10-19,222
2005-10-20,211
2005-10-21,150
2005-10-22,156
2005-10-23,206
2005-10-24,139
2005-10-25,211
2005-10-26,122
2005-10-27,144
2005-10-28,144
2005-10-30,189
2005-10-31,206
2005-11-01,194
2005-11-02,183
2005-11-03,222
2005-11-04,250
2005-11-05,228
2005-11-06,200
2005-11-07,183
2005-11-08,200
2005-11-09,217
2005-11-10,222
2005-11-11,200
2005-11-12,206
2005-11-13,206
2005-11-14,189
2005-11-15,200
2005-11-16,183
2005-11-17,61
2005-11-18,44
2005-11-19,122
2005-11-20,128
2005-11-21,128
2005-11-22,67
2005-11-23,28
2005-11-24,33
2005-11-25,-6
2005-11-26,50
2005-11-27,117
2005-11-28,200
2005-11-30,83
2005-12-01,11
2005-12-02,0
2005-12-03,-6
2005-12-04,22
2005-12-05,11
2005-12-06,-22
2005-12-07,-33
2005-12-08,-11
2005-12-09,-11
2005-12-10,0
2005-12-11,33
2005-12-12,22
2005-12-13,-6
2005-12-14,11
2005-12-15,17
2005-12-16,17
2005-12-17,-11
2005-12-18,-28
2005-12-19,-33
2005-12-20,-22
2005-12-21,-22
2005-12-22,28
2005-12-23,50
2005-12-24,61
2005-12-25,61
2005-12-26,50
2005-12-27,39
2005-12-28,72
2005-12-30,39
2005-12-31,28
2006-01-01,39
2006-01-02,44
2006-01-03,61
2006-01-04,72
2006-01-05,72
2006-01-06,33
2006-01-07,17
2006-01-08,56
2006-01-09,67
2006-01-10,56
2006-01-11,83
2006-01-12,128
2006-01-13,128
2006-01-14,117
2006-01-15,33
2006-01-16,28
2006-01-17,106
2006-01-18,111
2006-01-19,106
2006-01-20,133
2006-01-21,133
2006-01-22,117
2006-01-23,56
2006-01-24,56
2006-01-25,39
2006-01-26,39
2006-01-27,78
2006-01-28,122
2006-01-30,128
2006-01-31,122
2006-03-01,44
2006-03-02,39
2006-03-03,17
2006-03-04,56
2006-03-05,61
2006-03-06,61
2006-03-07,83
2006-03-08,111
2006-03-09,167
2006-03-10,156
2006-03-11,156
2006-03-12,206
2006-03-13,228
2006-03-14,211
2006-03-15,83
2006-03-16,78
2006-03-17,61
2006-03-18,67
2006-03-19,106
2006-03-20,94
2006-03-21,78
2006-03-22,94
2006-03-23,72
2006-03-24,78
2006-03-25,72
2006-03-26,94
2006-03-27,122
2006-03-28,122
2006-03-30,206
2006-03-31,222
2006-04-01,261
2006-04-02,167
2006-04-03,144
2006-04-04,167
2006-04-05,156
2006-04-06,172
2006-04-07,167
2006-04-08,133
2006-04-09,144
2006-04-10,189
2006-04-11,250
2006-04-12,244
2006-04-13,261
2006-04-14,278
2006-04-15,272
2006-04-16,239
2006-04-17,206
2006-04-18,194
2006-04-19,222
2006-04-20,250
2006-04-21,261
2006-04-22,261
2006-04-23,267
2006-04-24,206
2006-04-25,200
2006-04-26,200
2006-04-27,211
2006-04-28,211
2006-04-30,228
2006-05-01,222
2006-05-02,228
2006-05-03,256
2006-05-04,256
2006-05-05,250
2006-05-06,217
2006-05-07,211
2006-05-08,239
2006-05-09,239
2006-05-10,244
2006-05-11,244
2006-05-12,228
2006-05-13,133
2006-05-14,183
2006-05-15,167
2006-05-16,189
2006-05-17,239
2006-05-18,239
2006-05-19,189
2006-05-20,217
2006-05-21,217
2006-05-22,206
2006-05-23,244
2006-05-24,267
2006-05-25,289
2006-05-26,306
2006-05-27,311
2006-05-28,333
2006-05-30,350
2006-05-31,322
2006-06-01,333
2006-06-02,300
2006-06-03,267
2006-06-04,261
2006-06-05,283
2006-06-06,294
2006-06-07,300
2006-06-08,283
2006-06-09,289
2006-06-10,278
2006-06-11,217
2006-06-12,228
2006-06-13,250
2006-06-14,256
2006-06-15,278
2006-06-16,322
2006-06-17,333
2006-06-18,339
2006-06-19,300
2006-06-20,294
2006-06-21,272
2006-06-22,289
2006-06-23,300
2006-06-24,267
2006-06-25,278
2006-06-26,283
2006-06-27,283
2006-06-28,289
2006-06-30,278
2006-07-01,333
2006-07-02,328
2006-07-03,278
2006-07-04,300
2006-07-05,317
2006-07-06,283
2006-07-07,283
2006-07-08,283
2006-07-09,294
2006-07-10,306
2006-07-11,306
2006-07-12,289
2006-07-13,300
2006-07-14,306
2006-07-15,339
2006-07-16,361
2006-07-17,350
2006-07-18,333
2006-07-19,300
2006-07-20,294
2006-07-21,300
2006-07-22,306
2006-07-23,289
2006-07-24,306
2006-07-25,306
2006-07-26,311
2006-07-27,311
2006-07-28,306
2006-07-30,339
2006-07-31,350
2006-08-01,356
2006-08-02,361
2006-08-03,350
2006-08-04,317
2006-08-05,317
2006-08-06,317
2006-08-07,317
2006-08-08,322
2006-08-09,294
2006-08-10,306
2006-08-11,289
2006-08-12,272
2006-08-13,289
2006-08-14,294
2006-08-15,294
2006-08-16,300
2006-08-17,306
2006-08-18,306
2006-08-19,311
2006-08-20,283
2006-08-21,283
2006-08-22,300
2006-08-23,306
2006-08-24,300
2006-08-25,300
2006-08-26,311
2006-08-27,294
2006-08-28,278
2006-08-30,261
2006-08-31,267
2006-09-01,256
2006-09-02,244
2006-09-03,239
2006-09-04,250
2006-09-05,256
2006-09-06,267
2006-09-07,278
2006-09-08,294
2006-09-09,300
2006-09-10,283
2006-09-11,228
2006-09-12,261
2006-09-13,250
2006-09-14,267
2006-09-15,233
2006-09-16,250
2006-09-17,289
2006-09-18,283
2006-09-19,239
2006-09-20,200
2006-09-21,200
2006-09-22,200
2006-09-23,233
2006-09-24,244
2006-09-25,228
2006-09-26,233
2006-09-27,244
2006-09-28,244
2006-09-30,178
2006-10-01,217
2006-10-02,272
2006-10-03,272
2006-10-04,272
2006-10-05,217
2006-10-06,206
2006-10-07,206
2006-10-08,239
2006-10-09,256
2006-10-10,256
2006-10-11,206
2006-10-12,206
2006-10-13,150
2006-10-14,128
2006-10-15,144
2006-10-16,150
2006-10-17,161
2006-10-18,189
2006-10-19,200
2006-10-20,122
2006-10-21,172
2006-10-22,178
2006-10-23,139
2006-10-24,94
2006-10-25,111
2006-10-26,111
2006-10-27,111
2006-10-28,89
2006-10-30,222
2006-10-31,228
2006-11-01,206
2006-11-02,117
2006-11-03,94
2006-11-04,94
2006-11-05,128
2006-11-06,172
2006-11-07,172
2006-11-08,222
2006-11-09,256
2006-11-10,211
2006-11-11,217
2006-11-12,128
2006-11-13,61
2006-11-14,78
2006-11-15,83
2006-11-16,89
2006-11-17,83
2006-11-18,67
2006-11-19,61
2006-11-20,67
2006-11-21,72
2006-11-22,106
2006-11-23,133
2006-11-24,144
2006-11-25,172
2006-11-26,183
2006-11-27,183
2006-11-28,183
2006-11-30,189
2006-12-01,183
2006-12-02,72
2006-12-03,39
2006-12-04,22
2006-12-05,22
2006-12-06,67
2006-12-07,67
2006-12-08,-11
2006-12-09,44
2006-12-10,111
2006-12-11,128
2006-12-12,133
2006-12-13,111
2006-12-14,128
2006-12-15,128
2006-12-16,122
2006-12-17,144
2006-12-18,156
2006-12-19,94
2006-12-20,72
2006-12-21,78
2006-12-22,133
2006-12-23,133
2006-12-24,100
2006-12-25,89
2006-12-26,61
2006-12-27,61
2006-12-28,83
2006-12-30,111
2006-12-31,139
2007-01-01,128
2007-01-02,111
2007-01-03,100
2007-01-04,106
2007-01-05,128
2007-01-06,133
2007-01-07,94
2007-01-08,72
2007-01-09,44
2007-01-10,11
2007-01-11,72
2007-01-12,117
2007-01-13,128
2007-01-14,33
2007-01-15,28
2007-01-16,17
2007-01-17,0
2007-01-18,22
2007-01-19,22
2007-01-20,28
2007-01-21,-6
2007-01-22,-6
2007-01-23,0
2007-01-24,0
2007-01-25,11
2007-01-26,50
2007-01-27,56
2007-01-28,44
2007-01-30,-28
2007-01-31,11
2007-03-01,61
2007-03-02,61
2007-03-03,44
2007-03-04,33
2007-03-05,17
2007-03-06,17
2007-03-07,-6
2007-03-08,22
2007-03-09,100
2007-03-10,117
2007-03-11,133
2007-03-12,128
2007-03-13,228
2007-03-14,228
2007-03-15,217
2007-03-16,56
2007-03-17,50
2007-03-18,61
2007-03-19,117
2007-03-20,100
2007-03-21,211
2007-03-22,194
2007-03-23,183
2007-03-24,200
2007-03-25,217
2007-03-26,272
2007-03-27,267
2007-03-28,272
2007-03-30,206
2007-03-31,211
2007-04-01,222
2007-04-02,217
2007-04-03,272
2007-04-04,239
2007-04-05,50
2007-04-06,11
2007-04-07,0
2007-04-08,22
2007-04-09,56
2007-04-10,100
2007-04-11,100
2007-04-12,83
2007-04-13,122
2007-04-14,128
2007-04-15,133
2007-04-16,150
2007-04-17,183
2007-04-18,183
2007-04-19,183
2007-04-20,228
2007-04-21,239
2007-04-22,272
2007-04-23,278
2007-04-24,278
2007-04-25,206
2007-04-26,189
2007-04-27,139
2007-04-28,222
2007-04-30,244
2007-05-01,228
2007-05-02,217
2007-05-03,200
2007-05-04,211
2007-05-05,217
2007-05-06,217
2007-05-07,244
2007-05-08,300
2007-05-09,300
2007-05-10,267
2007-05-11,289
2007-05-12,283
2007-05-13,206
2007-05-14,289
2007-05-15,328
2007-05-16,317
2007-05-17,150
2007-05-18,206
2007-05-19,250
2007-05-20,244
2007-05-21,222
2007-05-22,300
2007-05-23,328
2007-05-24,328
2007-05-25,317
2007-05-26,278
2007-05-27,244
2007-05-28,272
2007-05-30,322
2007-05-31,322
2007-06-01,322
2007-06-02,322
2007-06-03,322
2007-06-04,261
2007-06-05,256
2007-06-06,217
2007-06-07,344
2007-06-08,339
2007-06-09,322
2007-06-10,267
2007-06-11,300
2007-06-12,306
2007-06-13,328
2007-06-14,328
2007-06-15,306
2007-06-16,317
2007-06-17,328
2007-06-18,356
2007-06-19,350
2007-06-20,283
2007-06-21,306
2007-06-22,289
2007-06-23,267
2007-06-24,272
2007-06-25,322
2007-06-26,333
2007-06-27,333
2007-06-28,322
2007-06-30,283
2007-07-01,278
2007-07-02,244
2007-07-03,289
2007-07-04,294
2007-07-05,306
2007-07-06,306
2007-07-07,317
2007-07-08,361
2007-07-09,356
2007-07-10,350
2007-07-11,339
2007-07-12,339
2007-07-13,339
2007-07-14,306
2007-07-15,339
2007-07-16,300
2007-07-17,294
2007-07-18,311
2007-07-19,311
2007-07-20,289
2007-07-21,267
2007-07-22,278
2007-07-23,294
2007-07-24,294
2007-07-25,289
2007-07-26,261
2007-07-27,306
2007-07-28,300
2007-07-30,317
2007-07-31,344
2007-08-01,356
2007-08-02,356
2007-08-03,344
2007-08-04,339
2007-08-05,311
2007-08-06,328
2007-08-07,361
2007-08-08,333
2007-08-09,333
2007-08-10,300
2007-08-11,300
2007-08-12,322
2007-08-13,322
2007-08-14,283
2007-08-15,283
2007-08-16,300
2007-08-17,300
2007-08-18,278
2007-08-19,222
2007-08-20,217
2007-08-21,289
2007-08-22,317
2007-08-23,333
2007-08-24,328
2007-08-25,322
2007-08-26,306
2007-08-27,272
2007-08-28,311
2007-08-30,339
2007-08-31,261
2007-09-01,272
2007-09-02,278
2007-09-03,317
2007-09-04,317
2007-09-05,322
2007-09-06,322
2007-09-07,317
2007-09-08,311
2007-09-09,278
2007-09-10,278
2007-09-11,244
2007-09-12,217
2007-09-13,250
2007-09-14,261
2007-09-15,244
2007-09-16,200
2007-09-17,233
2007-09-18,294
2007-09-19,311
2007-09-20,306
2007-09-21,317
2007-09-22,311
2007-09-23,272
2007-09-24,339
2007-09-25,328
2007-09-26,317
2007-09-27,244
2007-09-28,239
2007-09-30,278
2007-10-01,272
2007-10-02,250
2007-10-03,256
2007-10-04,289
2007-10-05,322
2007-10-06,317
2007-10-07,328
2007-10-08,328
2007-10-09,328
2007-10-10,244
2007-10-11,172
2007-10-12,167
2007-10-13,167
2007-10-14,161
2007-10-15,244
2007-10-16,233
2007-10-17,239
2007-10-18,267
2007-10-19,256
2007-10-20,222
2007-10-21,278
2007-10-22,272
2007-10-23,267
2007-10-24,161
2007-10-25,161
2007-10-26,178
2007-10-27,161
2007-10-28,150
2007-10-30,183
2007-10-31,194
2007-11-01,189
2007-11-02,144
2007-11-03,161
2007-11-04,156
2007-11-05,156
2007-11-06,144
2007-11-07,100
2007-11-08,94
2007-11-09,117
2007-11-10,128
2007-11-11,144
2007-11-12,183
2007-11-13,172
2007-11-14,172
2007-11-15,167
2007-11-16,139
2007-11-17,122
2007-11-18,67
2007-11-19,156
2007-11-20,156
2007-11-21,167
2007-11-22,156
2007-11-23,56
2007-11-24,33
2007-11-25,50
2007-11-26,56
2007-11-27,56
2007-11-28,78
2007-11-30,67
2007-12-01,61
2007-12-02,122
2007-12-03,122
2007-12-04,22
2007-12-05,-11
2007-12-06,-6
2007-12-07,6
2007-12-08,28
2007-12-09,28
2007-12-10,6
2007-12-11,33
2007-12-12,33
2007-12-13,44
2007-12-14,28
2007-12-15,17
2007-12-16,39
2007-12-17,-22
2007-12-18,28
2007-12-19,39
2007-12-20,44
2007-12-21,39
2007-12-22,111
2007-12-23,122
2007-12-24,83
2007-12-25,0
2007-12-26,72
2007-12-27,61
2007-12-28,56
2007-12-30,33
2007-12-31,39
2008-01-01,39
2008-01-02,17
2008-01-03,-22
2008-01-04,17
2008-01-05,83
2008-01-06,189
2008-01-07,217
2008-01-08,194
2008-01-09,178
2008-01-10,100
2008-01-11,106
2008-01-12,67
2008-01-13,56
2008-01-14,56
2008-01-15,6
2008-01-16,11
2008-01-17,33
2008-01-18,39
2008-01-19,17
2008-01-20,-50
2008-01-21,-22
2008-01-22,11
2008-01-23,17
2008-01-24,-56
2008-01-25,-11
2008-01-26,-5
2008-01-27,6
2008-01-28,72
2008-01-30,111
2008-01-31,-17
2008-03-01,33
2008-03-02,156
2008-03-03,161
2008-03-04,156
2008-03-05,50
2008-03-06,61
2008-03-07,50
2008-03-08,-6
2008-03-09,22
2008-03-10,39
2008-03-11,50
2008-03-12,72
2008-03-13,122
2008-03-14,144
2008-03-15,144
2008-03-16,89
2008-03-17,56
2008-03-18,128
2008-03-19,111
2008-03-20,83
2008-03-21,78
2008-03-22,50
2008-03-23,72
2008-03-24,61
2008-03-25,89
2008-03-26,106
2008-03-27,100
2008-03-28,83
2008-03-30,89
2008-03-31,178
2008-04-01,167
2008-04-02,144
2008-04-03,139
2008-04-04,144
2008-04-05,178
2008-04-06,183
2008-04-07,233
2008-04-08,228
2008-04-09,189
2008-04-10,156
2008-04-11,233
2008-04-12,233
2008-04-13,217
2008-04-14,128
2008-04-15,156
2008-04-16,211
2008-04-17,244
2008-04-18,267
2008-04-19,261
2008-04-20,261
2008-04-21,233
2008-04-22,256
2008-04-23,261
2008-04-24,250
2008-04-25,283
2008-04-26,278
2008-04-27,194
2008-04-28,183
2008-04-30,139
2008-05-01,250
2008-05-02,228
2008-05-03,222
2008-05-04,217
2008-05-05,244
2008-05-06,261
2008-05-07,256
2008-05-08,233
2008-05-09,200
2008-05-10,206
2008-05-11,250
2008-05-12,156
2008-05-13,211
2008-05-14,211
2008-05-15,167
2008-05-16,222
2008-05-17,239
2008-05-18,233
2008-05-19,172
2008-05-20,194
2008-05-21,189
2008-05-22,183
2008-05-23,206
2008-05-24,222
2008-05-25,250
2008-05-26,306
2008-05-27,300
2008-05-28,228
2008-05-30,289
2008-05-31,283
2008-06-01,283
2008-06-02,300
2008-06-03,306
2008-06-04,239
2008-06-05,322
2008-06-06,344
2008-06-07,350
2008-06-08,361
2008-06-09,350
2008-06-10,339
2008-06-11,311
2008-06-12,322
2008-06-13,300
2008-06-14,283
2008-06-15,294
2008-06-16,289
2008-06-17,278
2008-06-18,228
2008-06-19,250
2008-06-20,289
2008-06-21,294
2008-06-22,294
2008-06-23,272
2008-06-24,272
2008-06-25,278
2008-06-26,317
2008-06-27,317
2008-06-28,306
2008-06-30,244
2008-07-01,278
2008-07-02,306
2008-07-03,294
2008-07-04,244
2008-07-05,267
2008-07-06,294
2008-07-07,322
2008-07-08,317
2008-07-09,317
2008-07-10,283
2008-07-11,306
2008-07-12,306
2008-07-13,294
2008-07-14,283
2008-07-15,311
2008-07-16,328
2008-07-17,333
2008-07-18,333
2008-07-19,328
2008-07-20,311
2008-07-21,311
2008-07-22,311
2008-07-23,300
2008-07-24,289
2008-07-25,294
2008-07-26,317
2008-07-27,311
2008-07-28,317
2008-07-30,322
2008-07-31,333
2008-08-01,328
2008-08-02,322
2008-08-03,306
2008-08-04,306
2008-08-05,317
2008-08-06,311
2008-08-07,311
2008-08-08,289
2008-08-09,283
2008-08-10,278
2008-08-11,267
2008-08-12,294
2008-08-13,289
2008-08-14,283
2008-08-15,289
2008-08-16,300
2008-08-17,311
2008-08-18,328
2008-08-19,322
2008-08-20,278
2008-08-21,306
2008-08-22,333
2008-08-23,344
2008-08-24,344
2008-08-25,311
2008-08-26,278
2008-08-27,294
2008-08-28,306
2008-08-30,306
2008-08-31,322
2008-09-01,322
2008-09-02,344
2008-09-03,350
2008-09-04,356
2008-09-05,317
2008-09-06,267
2008-09-07,261
2008-09-08,278
2008-09-09,250
2008-09-10,228
2008-09-11,278
2008-09-12,261
2008-09-13,300
2008-09-14,317
2008-09-15,306
2008-09-16,228
2008-09-17,278
2008-09-18,278
2008-09-19,267
2008-09-20,289
2008-09-21,283
2008-09-22,267
2008-09-23,278
2008-09-24,294
2008-09-25,283
2008-09-26,278
2008-09-27,261
2008-09-28,256
2008-09-30,217
2008-10-01,200
2008-10-02,172
2008-10-03,161
2008-10-04,167
2008-10-05,189
2008-10-06,189
2008-10-07,194
2008-10-08,217
2008-10-09,233
2008-10-10,233
2008-10-11,272
2008-10-12,294
2008-10-13,289
2008-10-14,283
2008-10-15,244
2008-10-16,206
2008-10-17,189
2008-10-18,189
2008-10-19,150
2008-10-20,206
2008-10-21,200
2008-10-22,139
2008-10-23,144
2008-10-24,150
2008-10-25,133
2008-10-26,172
2008-10-27,161
2008-10-28,133
2008-10-30,150
2008-10-31,222
2008-11-01,222
2008-11-02,161
2008-11-03,228
2008-11-04,239
2008-11-05,239
2008-11-06,233
2008-11-07,228
2008-11-08,222
2008-11-09,211
2008-11-10,56
2008-11-11,211
2008-11-12,211
2008-11-13,211
2008-11-14,211
2008-11-15,133
2008-11-16,100
2008-11-17,50
2008-11-18,39
2008-11-19,28
2008-11-20,33
2008-11-21,28
2008-11-22,6
2008-11-23,39
2008-11-24,39
2008-11-25,39
2008-11-26,50
2008-11-27,56
2008-11-28,67
2008-11-30,72
2008-12-01,67
2008-12-02,28
2008-12-03,61
2008-12-04,67
2008-12-05,39
2008-12-06,-10
2008-12-07,-11
2008-12-08,28
2008-12-09,83
2008-12-10,78
2008-12-11,28
2008-12-12,11
2008-12-13,33
2008-12-14,106
2008-12-15,128
2008-12-16,117
2008-12-17,-6
2008-12-18,-11
2008-12-19,0
2008-12-20,0
2008-12-21,-11
2008-12-22,-44
2008-12-23,17
2008-12-24,61
2008-12-25,72
2008-12-26,106
2008-12-27,189
2008-12-28,194
2008-12-30,89
2008-12-31,28
2009-01-01,-5
2009-01-02,22
2009-01-03,17
2009-01-04,28
2009-01-05,28
2009-01-06,6
2009-01-07,0
2009-01-08,0
2009-01-09,6
2009-01-10,-21
2009-01-11,-28
2009-01-12,6
2009-01-13,17
2009-01-14,11
2009-01-15,-94
2009-01-16,-100
2009-01-17,-21
2009-01-18,-32
2009-01-19,-44
2009-01-20,-56
2009-01-21,-22
2009-01-22,11
2009-01-23,39
2009-01-24,44
2009-01-25,-28
2009-01-26,-44
2009-01-27,-44
2009-01-28,-39
2009-01-30,-22
2009-01-31,33
2009-03-01,17
2009-03-02,-11
2009-03-03,-11
2009-03-04,44
2009-03-05,156
2009-03-06,206
2009-03-07,206
2009-03-08,200
2009-03-09,144
2009-03-10,150
2009-03-11,167
2009-03-12,144
2009-03-13,44
2009-03-14,111
2009-03-15,133
2009-03-16,167
2009-03-17,211
2009-03-18,217
2009-03-19,200
2009-03-20,100
2009-03-21,117
2009-03-22,139
2009-03-23,139
2009-03-24,111
2009-03-25,150
2009-03-26,150
2009-03-27,161
2009-03-28,167
2009-03-30,106
2009-03-31,139
2009-04-01,150
2009-04-02,200
2009-04-03,194
2009-04-04,233
2009-04-05,128
2009-04-06,94
2009-04-07,83
2009-04-08,122
2009-04-09,156
2009-04-10,156
2009-04-11,144
2009-04-12,122
2009-04-13,128
2009-04-14,89
2009-04-15,167
2009-04-16,194
2009-04-17,222
2009-04-18,239
2009-04-19,239
2009-04-20,167
2009-04-21,139
2009-04-22,144
2009-04-23,161
2009-04-24,300
2009-04-25,306
2009-04-26,294
2009-04-27,294
2009-04-28,294
2009-04-30,194
2009-05-01,217
2009-05-02,206
2009-05-03,211
2009-05-04,217
2009-05-05,206
2009-05-06,217
2009-05-07,211
2009-05-08,239
2009-05-09,283
2009-05-10,256
2009-05-11,178
2009-05-12,194
2009-05-13,206
2009-05-14,228
2009-05-15,228
2009-05-16,233
2009-05-17,200
2009-05-18,194
2009-05-19,239
2009-05-20,289
2009-05-21,300
2009-05-22,294
2009-05-23,283
2009-05-24,278
2009-05-25,250
2009-05-26,239
2009-05-27,267
2009-05-28,278
2009-05-30,261
2009-05-31,239
2009-06-01,267
2009-06-02,267
2009-06-03,200
2009-06-04,211
2009-06-05,244
2009-06-06,261
2009-06-07,267
2009-06-08,283
2009-06-09,278
2009-06-10,250
2009-06-11,244
2009-06-12,250
2009-06-13,256
2009-06-14,261
2009-06-15,267
2009-06-16,272
2009-06-17,289
2009-06-18,278
2009-06-19,289
2009-06-20,306
2009-06-21,294
2009-06-22,311
2009-06-23,322
2009-06-24,339
2009-06-25,344
2009-06-26,356
2009-06-27,361
2009-06-28,294
2009-06-30,289
2009-07-01,239
2009-07-02,244
2009-07-03,250
2009-07-04,244
2009-07-05,278
2009-07-06,283
2009-07-07,306
2009-07-08,267
2009-07-09,300
2009-07-10,300
2009-07-11,306
2009-07-12,300
2009-07-13,294
2009-07-14,289
2009-07-15,306
2009-07-16,311
2009-07-17,294
2009-07-18,250
2009-07-19,239
2009-07-20,278
2009-07-21,283
2009-07-22,283
2009-07-23,272
2009-07-24,278
2009-07-25,283
2009-07-26,278
2009-07-27,294
2009-07-28,294
2009-07-30,283
2009-07-31,283
2009-08-01,278
2009-08-02,289
2009-08-03,289
2009-08-04,306
2009-08-05,306
2009-08-06,300
2009-08-07,306
2009-08-08,294
2009-08-09,344
2009-08-10,344
2009-08-11,339
2009-08-12,300
2009-08-13,294
2009-08-14,311
2009-08-15,311
2009-08-16,333
2009-08-17,339
2009-08-18,339
2009-08-19,300
2009-08-20,294
2009-08-21,289
2009-08-22,267
2009-08-23,261
2009-08-24,261
2009-08-25,283
2009-08-26,283
2009-08-27,267
2009-08-28,222
2009-08-30,239
2009-08-31,222
2009-09-01,311
2009-09-02,306
2009-09-03,328
2009-09-04,306
2009-09-05,272
2009-09-06,272
2009-09-07,272
2009-09-08,244
2009-09-09,267
2009-09-10,278
2009-09-11,278
2009-09-12,272
2009-09-13,278
2009-09-14,289
2009-09-15,294
2009-09-16,278
2009-09-17,233
2009-09-18,250
2009-09-19,256
2009-09-20,250
2009-09-21,272
2009-09-22,278
2009-09-23,283
2009-09-24,267
2009-09-25,256
2009-09-26,239
2009-09-27,228
2009-09-28,233
2009-09-30,172
2009-10-01,172
2009-10-02,178
2009-10-03,189
2009-10-04,161
2009-10-05,167
2009-10-06,183
2009-10-07,178
2009-10-08,161
2009-10-09,156
2009-10-10,167
2009-10-11,144
2009-10-12,117
2009-10-13,111
2009-10-14,117
2009-10-15,83
2009-10-16,89
2009-10-17,100
2009-10-18,122
2009-10-19,178
2009-10-20,200
2009-10-21,222
2009-10-22,228
2009-10-23,217
2009-10-24,167
2009-10-25,167
2009-10-26,194
2009-10-27,194
2009-10-28,178
2009-10-30,250
2009-10-31,250
2009-11-01,178
2009-11-02,133
2009-11-03,128
2009-11-04,122
2009-11-05,128
2009-11-06,122
2009-11-07,200
2009-11-08,217
2009-11-09,206
2009-11-10,200
2009-11-11,194
2009-11-12,194
2009-11-13,156
2009-11-14,206
2009-11-15,206
2009-11-16,194
2009-11-17,117
2009-11-18,144
2009-11-19,139
2009-11-20,100
2009-11-21,139
2009-11-22,139
2009-11-23,117
2009-11-24,128
2009-11-25,194
2009-11-26,106
2009-11-27,89
2009-11-28,111
2009-11-30,133
2009-12-01,111
2009-12-02,106
2009-12-03,94
2009-12-04,72
2009-12-05,61
2009-12-06,33
2009-12-07,33
2009-12-08,56
2009-12-09,83
2009-12-10,72
2009-12-11,-17
2009-12-12,50
2009-12-13,44
2009-12-14,111
2009-12-15,61
2009-12-16,28
2009-12-17,6
2009-12-18,28
2009-12-19,33
2009-12-20,17
2009-12-21,22
2009-12-22,6
2009-12-23,28
2009-12-24,28
2009-12-25,83
2009-12-26,56
2009-12-27,33
2009-12-28,17
2009-12-30,11
2009-12-31,44
2010-01-01,22
2010-01-02,17
2010-01-03,-38
2010-01-04,-32
2010-01-05,-17
2010-01-06,-11
2010-01-07,-6
2010-01-08,-28
2010-01-09,-17
2010-01-10,0
2010-01-11,-11
2010-01-12,-22
2010-01-13,22
2010-01-14,44
2010-01-15,61
2010-01-16,44
2010-01-17,83
2010-01-18,17
2010-01-19,39
2010-01-20,22
2010-01-21,22
2010-01-22,33
2010-01-23,44
2010-01-24,100
2010-01-25,100
2010-01-26,89
2010-01-27,22
2010-01-28,-6
2010-01-30,-44
2010-01-31,-16
2010-03-01,83
2010-03-02,72
2010-03-03,56
2010-03-04,72
2010-03-05,83
2010-03-06,89
2010-03-07,94
2010-03-08,128
2010-03-09,150
2010-03-10,161
2010-03-11,200
2010-03-12,178
2010-03-13,194
2010-03-14,83
2010-03-15,144
2010-03-16,178
2010-03-17,183
2010-03-18,200
2010-03-19,200
2010-03-20,200
2010-03-21,117
2010-03-22,128
2010-03-23,144
2010-03-24,156
2010-03-25,167
2010-03-26,100
2010-03-27,100
2010-03-28,100
2010-03-30,150
2010-03-31,228
2010-04-01,272
2010-04-02,278
2010-04-03,272
2010-04-04,256
2010-04-05,256
2010-04-06,283
2010-04-07,278
2010-04-08,211
2010-04-09,133
2010-04-10,211
2010-04-11,217
2010-04-12,194
2010-04-13,200
2010-04-14,211
2010-04-15,289
2010-04-16,289
2010-04-17,222
2010-04-18,189
2010-04-19,178
2010-04-20,189
2010-04-21,228
2010-04-22,228
2010-04-23,178
2010-04-24,189
2010-04-25,183
2010-04-26,189
2010-04-27,194
2010-04-28,167
2010-04-30,278
2010-05-01,283
2010-05-02,250
2010-05-03,244
2010-05-04,244
2010-05-05,278
2010-05-06,283
2010-05-07,239
2010-05-08,178
2010-05-09,150
2010-05-10,150
2010-05-11,161
2010-05-12,111
2010-05-13,278
2010-05-14,250
2010-05-15,211
2010-05-16,211
2010-05-17,228
2010-05-18,206
2010-05-19,244
2010-05-20,272
2010-05-21,283
2010-05-22,250
2010-05-23,294
2010-05-24,294
2010-05-25,306
2010-05-26,322
2010-05-27,322
2010-05-28,317
2010-05-30,317
2010-05-31,328
2010-06-01,317
2010-06-02,283
2010-06-03,267
2010-06-04,289
2010-06-05,283
2010-06-06,267
2010-06-07,233
2010-06-08,233
2010-06-09,272
2010-06-10,278
2010-06-11,289
2010-06-12,311
2010-06-13,322
2010-06-14,289
2010-06-15,278
2010-06-16,300
2010-06-17,283
2010-06-18,322
2010-06-19,333
2010-06-20,322
2010-06-21,300
2010-06-22,317
2010-06-23,317
2010-06-24,317
2010-06-25,289
2010-06-26,322
2010-06-27,339
2010-06-28,328
2010-06-30,289
2010-07-01,250
2010-07-02,278
2010-07-03,306
2010-07-04,344
2010-07-05,356
2010-07-06,361
2010-07-07,356
2010-07-08,367
2010-07-09,356
2010-07-10,322
2010-07-11,322
2010-07-12,328
2010-07-13,322
2010-07-14,311
2010-07-15,350
2010-07-16,356
2010-07-17,339
2010-07-18,350
2010-07-19,333
2010-07-20,306
2010-07-21,339
2010-07-22,339
2010-07-23,356
2010-07-24,350
2010-07-25,339
2010-07-26,294
2010-07-27,300
2010-07-28,333
2010-07-30,311
2010-07-31,306
2010-08-01,306
2010-08-02,317
2010-08-03,317
2010-08-04,328
2010-08-05,317
2010-08-06,317
2010-08-07,294
2010-08-08,311
2010-08-09,322
2010-08-10,328
2010-08-11,328
2010-08-12,322
2010-08-13,333
2010-08-14,317
2010-08-15,333
2010-08-16,333
2010-08-17,294
2010-08-18,300
2010-08-19,317
2010-08-20,322
2010-08-21,322
2010-08-22,278
2010-08-23,278
2010-08-24,272
2010-08-25,278
2010-08-26,289
2010-08-27,283
2010-08-28,300
2010-08-30,344
2010-08-31,344
2010-09-01,344
2010-09-02,339
2010-09-03,317
2010-09-04,267
2010-09-05,239
2010-09-06,300
2010-09-07,317
2010-09-08,306
2010-09-09,228
2010-09-10,228
2010-09-11,228
2010-09-12,250
2010-09-13,289
2010-09-14,283
2010-09-15,267
2010-09-16,267
2010-09-17,267
2010-09-18,267
2010-09-19,256
2010-09-20,228
2010-09-21,328
2010-09-22,328
2010-09-23,333
2010-09-24,328
2010-09-25,322
2010-09-26,183
2010-09-27,183
2010-09-28,167
2010-09-30,239
2010-10-01,244
2010-10-02,211
2010-10-03,156
2010-10-04,167
2010-10-05,194
2010-10-06,228
2010-10-07,228
2010-10-08,267
2010-10-09,294
2010-10-10,306
2010-10-11,311
2010-10-12,289
2010-10-13,211
2010-10-14,206
2010-10-15,206
2010-10-16,194
2010-10-17,200
2010-10-18,200
2010-10-19,194
2010-10-20,200
2010-10-21,200
2010-10-22,183
2010-10-23,233
2010-10-24,239
2010-10-25,250
2010-10-26,233
2010-10-27,228
2010-10-28,228
2010-10-30,167
2010-10-31,172
2010-11-01,117
2010-11-02,167
2010-11-03,117
2010-11-04,111
2010-11-05,128
2010-11-06,89
2010-11-07,156
2010-11-08,183
2010-11-09,178
2010-11-10,172
2010-11-11,194
2010-11-12,206
2010-11-13,228
2010-11-14,178
2010-11-15,161
2010-11-16,139
2010-11-17,139
2010-11-18,133
2010-11-19,83
2010-11-20,111
2010-11-21,172
2010-11-22,217
2010-11-23,183
2010-11-24,94
2010-11-25,100
2010-11-26,89
2010-11-27,28
2010-11-28,56
2010-11-30,161
2010-12-01,139
2010-12-02,11
2010-12-03,17
2010-12-04,17
2010-12-05,22
2010-12-06,6
2010-12-07,-10
2010-12-08,-16
2010-12-09,-5
2010-12-10,56
2010-12-11,128
2010-12-12,72
2010-12-13,39
2010-12-14,6
2010-12-15,-28
2010-12-16,-17
2010-12-17,-6
2010-12-18,-11
2010-12-19,-22
2010-12-20,0
2010-12-21,78
2010-12-22,17
2010-12-23,17
2010-12-24,28
2010-12-25,6
2010-12-26,0
2010-12-27,0
2010-12-28,0
2010-12-30,78
2010-12-31,133
2011-01-01,144
2011-01-02,139
2011-01-03,28
2011-01-04,39
2011-01-05,33
2011-01-06,0
2011-01-07,6
2011-01-08,6
2011-01-09,-16
2011-01-10,0
2011-01-11,6
2011-01-12,-22
2011-01-13,-27
2011-01-14,-22
2011-01-15,0
2011-01-16,-6
2011-01-17,33
2011-01-18,83
2011-01-19,39
2011-01-20,-17
2011-01-21,-33
2011-01-22,-50
2011-01-23,-82
2011-01-24,0
2011-01-25,6
2011-01-26,0
2011-01-27,0
2011-01-28,11
2011-01-30,6
2011-01-31,17
2011-03-01,56
2011-03-02,44
2011-03-03,33
2011-03-04,111
2011-03-05,111
2011-03-06,100
2011-03-07,44
2011-03-08,78
2011-03-09,106
2011-03-10,106
2011-03-11,83
2011-03-12,106
2011-03-13,100
2011-03-14,61
2011-03-15,83
2011-03-16,144
2011-03-17,217
2011-03-18,211
2011-03-19,172
2011-03-20,111
2011-03-21,156
2011-03-22,156
2011-03-23,61
2011-03-24,44
2011-03-25,50
2011-03-26,39
2011-03-27,44
2011-03-28,50
2011-03-30,83
2011-03-31,89
2011-04-01,106
2011-04-02,111
2011-04-03,156
2011-04-04,200
2011-04-05,178
2011-04-06,122
2011-04-07,106
2011-04-08,128
2011-04-09,150
2011-04-10,300
2011-04-11,289
2011-04-12,200
2011-04-13,194
2011-04-14,189
2011-04-15,150
2011-04-16,144
2011-04-17,133
2011-04-18,106
2011-04-19,78
2011-04-20,100
2011-04-21,133
2011-04-22,133
2011-04-23,239
2011-04-24,233
2011-04-25,183
2011-04-26,244
2011-04-27,233
2011-04-28,217
2011-04-30,183
2011-05-01,228
2011-05-02,233
2011-05-03,156
2011-05-04,167
2011-05-05,194
2011-05-06,200
2011-05-07,222
2011-05-08,233
2011-05-09,217
2011-05-10,228
2011-05-11,272
2011-05-12,317
2011-05-13,306
2011-05-14,294
2011-05-15,278
2011-05-16,133
2011-05-17,144
2011-05-18,189
2011-05-19,211
2011-05-20,250
2011-05-21,272
2011-05-22,311
2011-05-23,306
2011-05-24,283
2011-05-25,267
2011-05-26,244
2011-05-27,222
2011-05-28,239
2011-05-30,333
2011-05-31,344
2011-06-01,350
2011-06-02,289
2011-06-03,256
2011-06-04,361
2011-06-05,350
2011-06-06,339
2011-06-07,372
2011-06-08,383
2011-06-09,367
2011-06-10,283
2011-06-11,294
2011-06-12,283
2011-06-13,272
2011-06-14,267
2011-06-15,256
2011-06-16,261
2011-06-17,300
2011-06-18,306
2011-06-19,300
2011-06-20,294
2011-06-21,356
2011-06-22,317
2011-06-23,306
2011-06-24,278
2011-06-25,278
2011-06-26,289
2011-06-27,317
2011-06-28,300
2011-06-30,328
2011-07-01,350
2011-07-02,383
2011-07-03,361
2011-07-04,356
2011-07-05,344
2011-07-06,356
2011-07-07,356
2011-07-08,356
2011-07-09,344
2011-07-10,361
2011-07-11,356
2011-07-12,350
2011-07-13,344
2011-07-14,294
2011-07-15,317
2011-07-16,344
2011-07-17,361
2011-07-18,372
2011-07-19,361
2011-07-20,372
2011-07-21,406
2011-07-22,383
2011-07-23,361
2011-07-24,339
2011-07-25,328
2011-07-26,328
2011-07-27,322
2011-07-28,361
2011-07-30,333
2011-07-31,350
2011-08-01,350
2011-08-02,344
2011-08-03,306
2011-08-04,306
2011-08-05,317
2011-08-06,322
2011-08-07,317
2011-08-08,306
2011-08-09,306
2011-08-10,289
2011-08-11,283
2011-08-12,289
2011-08-13,311
2011-08-14,300
2011-08-15,289
2011-08-16,300
2011-08-17,311
2011-08-18,322
2011-08-19,311
2011-08-20,306
2011-08-21,311
2011-08-22,272
2011-08-23,294
2011-08-24,333
2011-08-25,322
2011-08-26,278
2011-08-27,306
2011-08-28,306
2011-08-30,272
2011-08-31,300
2011-09-01,333
2011-09-02,372
2011-09-03,367
2011-09-04,361
2011-09-05,289
2011-09-06,211
2011-09-07,211
2011-09-08,194
2011-09-09,261
2011-09-10,256
2011-09-11,267
2011-09-12,294
2011-09-13,300
2011-09-14,283
2011-09-15,267
2011-09-16,172
2011-09-17,206
2011-09-18,228
2011-09-19,228
2011-09-20,233
2011-09-21,272
2011-09-22,261
2011-09-23,233
2011-09-24,206
2011-09-25,256
2011-09-26,250
2011-09-27,228
2011-09-28,217
2011-09-30,189
2011-10-01,144
2011-10-02,183
2011-10-03,211
2011-10-04,239
2011-10-05,272
2011-10-06,278
2011-10-07,278
2011-10-08,289
2011-10-09,283
2011-10-10,278
2011-10-11,278
2011-10-12,267
2011-10-13,211
2011-10-14,206
2011-10-15,178
2011-10-16,161
2011-10-17,183
2011-10-18,167
2011-10-19,144
2011-10-20,139
2011-10-21,117
2011-10-22,167
2011-10-23,194
2011-10-24,189
2011-10-25,217
2011-10-26,206
2011-10-27,150
2011-10-28,122
2011-10-30,128
2011-10-31,122
2011-11-01,172
2011-11-02,211
2011-11-03,200
2011-11-04,128
2011-11-05,150
2011-11-06,189
2011-11-07,183
2011-11-08,228
2011-11-09,211
2011-11-10,211
2011-11-11,83
2011-11-12,172
2011-11-13,194
2011-11-14,200
2011-11-15,156
2011-11-16,150
2011-11-17,100
2011-11-18,100
2011-11-19,150
2011-11-20,167
2011-11-21,144
2011-11-22,100
2011-11-23,122
2011-11-24,128
2011-11-25,167
2011-11-26,194
2011-11-27,178
2011-11-28,139
2011-11-30,61
2011-12-01,67
2011-12-02,67
2011-12-03,100
2011-12-04,117
2011-12-05,111
2011-12-06,61
2011-12-07,28
2011-12-08,39
2011-12-09,39
2011-12-10,17
2011-12-11,28
2011-12-12,61
2011-12-13,72
2011-12-14,133
2011-12-15,150
2011-12-16,139
2011-12-17,128
2011-12-18,44
2011-12-19,122
2011-12-20,117
2011-12-21,156
2011-12-22,106
2011-12-23,67
2011-12-24,39
2011-12-25,89
2011-12-26,83
2011-12-27,78
2011-12-28,61
2011-12-30,94
2011-12-31,83
2012-01-01,100
2012-01-02,89
2012-01-03,83
2012-01-04,28
2012-01-05,67
2012-01-06,128
2012-01-07,128
2012-01-08,83
2012-01-09,72
2012-01-10,94
2012-01-11,100
2012-01-12,83
2012-01-13,50
2012-01-14,39
2012-01-15,-21
2012-01-16,94
2012-01-17,133
2012-01-18,122
2012-01-19,-10
2012-01-20,-11
2012-01-21,-16
2012-01-22,50
2012-01-23,128
2012-01-24,117
2012-01-25,11
2012-01-26,56
2012-01-27,67
2012-01-28,61
2012-01-30,72
2012-01-31,144
2012-03-01,117
2012-03-02,133
2012-03-03,117
2012-03-04,39
2012-03-05,39
2012-03-06,161
2012-03-07,211
2012-03-08,200
2012-03-09,189
2012-03-10,100
2012-03-11,200
2012-03-12,194
2012-03-13,211
2012-03-14,267
2012-03-15,267
2012-03-16,261
2012-03-17,261
2012-03-18,250
2012-03-19,267
2012-03-20,300
2012-03-21,306
2012-03-22,317
2012-03-23,306
2012-03-24,283
2012-03-25,233
2012-03-26,222
2012-03-27,144
2012-03-28,222
2012-03-30,200
2012-03-31,78
2012-04-01,167
2012-04-02,144
2012-04-03,200
2012-04-04,217
2012-04-05,194
2012-04-06,167
2012-04-07,189
2012-04-08,183
2012-04-09,183
2012-04-10,178
2012-04-11,139
2012-04-12,161
2012-04-13,183
2012-04-14,183
2012-04-15,278
2012-04-16,272
2012-04-17,239
2012-04-18,189
2012-04-19,250
2012-04-20,256
2012-04-21,250
2012-04-22,167
2012-04-23,161
2012-04-24,183
2012-04-25,200
2012-04-26,194
2012-04-27,183
2012-04-28,144
2012-04-30,222
2012-05-01,194
2012-05-02,306
2012-05-03,333
2012-05-04,322
2012-05-05,272
2012-05-06,244
2012-05-07,239
2012-05-08,250
2012-05-09,239
2012-05-10,222
2012-05-11,250
2012-05-12,250
2012-05-13,250
2012-05-14,272
2012-05-15,294
2012-05-16,289
2012-05-17,272
2012-05-18,261
2012-05-19,306
2012-05-20,328
2012-05-21,328
2012-05-22,294
2012-05-23,278
2012-05-24,317
2012-05-25,333
2012-05-26,333
2012-05-27,311
2012-05-28,367
2012-05-30,300
2012-05-31,256
2012-06-01,228
2012-06-02,256
2012-06-03,289
2012-06-04,278
2012-06-05,250
2012-06-06,272
2012-06-07,300
2012-06-08,317
2012-06-09,339
2012-06-10,344
2012-06-11,333
2012-06-12,289
2012-06-13,283
2012-06-14,289
2012-06-15,322
2012-06-16,333
2012-06-17,339
2012-06-18,311
2012-06-19,367
2012-06-20,361
2012-06-21,367
2012-06-22,344
2012-06-23,339
2012-06-24,328
2012-06-25,322
2012-06-26,300
2012-06-27,339
2012-06-28,406
2012-06-30,367
2012-07-01,367
2012-07-02,367
2012-07-03,361
2012-07-04,400
2012-07-05,389
2012-07-06,383
2012-07-07,394
2012-07-08,394
2012-07-09,328
2012-07-10,317
2012-07-11,317
2012-07-12,333
2012-07-13,344
2012-07-14,339
2012-07-15,361
2012-07-16,372
2012-07-17,406
2012-07-18,389
2012-07-19,339
2012-07-20,300
2012-07-21,339
2012-07-22,361
2012-07-23,383
2012-07-24,361
2012-07-25,344
2012-07-26,333
2012-07-27,317
2012-07-28,328
2012-07-30,344
2012-07-31,339
2012-08-01,322
2012-08-02,367
2012-08-03,372
2012-08-04,367
2012-08-05,339
2012-08-06,328
2012-08-07,350
2012-08-08,339
2012-08-09,333
2012-08-10,250
2012-08-11,228
2012-08-12,289
2012-08-13,283
2012-08-14,272
2012-08-15,289
2012-08-16,300
2012-08-17,283
2012-08-18,272
2012-08-19,283
2012-08-20,283
2012-08-21,283
2012-08-22,306
2012-08-23,322
2012-08-24,344
2012-08-25,356
2012-08-26,350
2012-08-27,339
2012-08-28,294
2012-08-30,311
2012-08-31,361
2012-09-01,350
2012-09-02,311
2012-09-03,339
2012-09-04,333
2012-09-05,311
2012-09-06,311
2012-09-07,344
2012-09-08,294
2012-09-09,256
2012-09-10,244
2012-09-11,278
2012-09-12,300
2012-09-13,306
2012-09-14,306
2012-09-15,283
2012-09-16,261
2012-09-17,261
2012-09-18,256
2012-09-19,211
2012-09-20,228
2012-09-21,233
2012-09-22,222
2012-09-23,217
2012-09-24,194
2012-09-25,222
2012-09-26,239
2012-09-27,239
2012-09-28,228
2012-09-30,233
2012-10-01,228
2012-10-02,217
2012-10-03,228
2012-10-04,261
2012-10-05,256
2012-10-06,150
2012-10-07,106
2012-10-08,139
2012-10-09,189
2012-10-10,178
2012-10-11,183
2012-10-12,178
2012-10-13,189
2012-10-14,222
2012-10-15,217
2012-10-16,172
2012-10-17,256
2012-10-18,244
2012-10-19,167
2012-10-20,150
2012-10-21,178
2012-10-22,233
2012-10-23,250
2012-10-24,267
2012-10-25,272
2012-10-26,256
2012-10-27,239
2012-10-28,144
2012-10-30,117
2012-10-31,72
2012-11-01,111
2012-11-02,106
2012-11-03,100
2012-11-04,100
2012-11-05,89
2012-11-06,83
2012-11-07,111
2012-11-08,122
2012-11-09,139
2012-11-10,189
2012-11-11,222
2012-11-12,206
2012-11-13,200
2012-11-14,61
2012-11-15,100
2012-11-16,133
2012-11-17,128
2012-11-18,139
2012-11-19,144
2012-11-20,144
2012-11-21,156
2012-11-22,172
2012-11-23,161
2012-11-24,106
2012-11-25,50
2012-11-26,61
2012-11-27,50
2012-11-28,67
2012-11-30,106
2012-12-01,156
2012-12-02,156
2012-12-03,183
2012-12-04,183
2012-12-05,161
2012-12-06,67
2012-12-07,83
2012-12-08,72
2012-12-09,61
2012-12-10,72
2012-12-11,61
2012-12-12,67
2012-12-13,78
2012-12-14,100
2012-12-15,100
2012-12-16,133
2012-12-17,133
2012-12-18,67
2012-12-19,72
2012-12-20,100
2012-12-21,89
2012-12-22,33
2012-12-23,39
2012-12-24,50
2012-12-25,33
2012-12-26,17
2012-12-27,17
2012-12-28,28
2012-12-30,0
2012-12-31,28
2013-01-01,28
2013-01-02,-6
2013-01-03,0
2013-01-04,-5
2013-01-05,17
2013-01-06,44
2013-01-07,28
2013-01-08,33
2013-01-09,89
2013-01-10,89
2013-01-11,156
2013-01-12,161
2013-01-13,167
2013-01-14,61
2013-01-15,33
2013-01-16,44
2013-01-17,50
2013-01-18,44
2013-01-19,100
2013-01-20,100
2013-01-21,100
2013-01-22,-56
2013-01-23,-71
2013-01-24,-49
2013-01-25,-28
2013-01-26,-21
2013-01-27,6
2013-01-28,100
2013-01-30,183
2013-01-31,128
2013-03-01,50
2013-03-02,17
2013-03-03,0
2013-03-04,22
2013-03-05,39
2013-03-06,61
2013-03-07,78
2013-03-08,83
2013-03-09,106
2013-03-10,189
2013-03-11,183
2013-03-12,122
2013-03-13,28
2013-03-14,67
2013-03-15,78
2013-03-16,78
2013-03-17,33
2013-03-18,44
2013-03-19,28
2013-03-20,6
2013-03-21,17
2013-03-22,61
2013-03-23,61
2013-03-24,56
2013-03-25,61
2013-03-26,94
2013-03-27,106
2013-03-28,133
2013-03-30,150
2013-03-31,172
2013-04-01,167
2013-04-02,78
2013-04-03,78
2013-04-04,144
2013-04-05,139
2013-04-06,139
2013-04-07,178
2013-04-08,222
2013-04-09,217
2013-04-10,144
2013-04-11,122
2013-04-12,83
2013-04-13,78
2013-04-14,111
2013-04-15,228
2013-04-16,211
2013-04-17,167
2013-04-18,283
2013-04-19,267
2013-04-20,117
2013-04-21,100
2013-04-22,178
2013-04-23,239
2013-04-24,222
2013-04-25,200
2013-04-26,161
2013-04-27,217
2013-04-28,211
2013-04-30,239
2013-05-01,283
2013-05-02,278
2013-05-03,272
2013-05-04,261
2013-05-05,256
2013-05-06,244
2013-05-07,256
2013-05-08,283
2013-05-09,283
2013-05-10,283
2013-05-11,267
2013-05-12,172
2013-05-13,144
2013-05-14,272
2013-05-15,311
2013-05-16,300
2013-05-17,300
2013-05-18,289
2013-05-19,311
2013-05-20,339
2013-05-21,328
2013-05-22,317
2013-05-23,283
2013-05-24,206
2013-05-25,206
2013-05-26,228
2013-05-27,222
2013-05-28,278
2013-05-30,328
2013-05-31,333
2013-06-01,283
2013-06-02,272
2013-06-03,233
2013-06-04,239
2013-06-05,244
2013-06-06,250
2013-06-07,244
2013-06-08,244
2013-06-09,261
2013-06-10,261
2013-06-11,289
2013-06-12,294
2013-06-13,278
2013-06-14,267
2013-06-15,278
2013-06-16,294
2013-06-17,317
2013-06-18,311
2013-06-19,250
2013-06-20,289
2013-06-21,317
2013-06-22,339
2013-06-23,333
2013-06-24,322
2013-06-25,322
2013-06-26,328
2013-06-27,306
2013-06-28,294
2013-06-30,289
2013-07-01,272
2013-07-02,256
2013-07-03,311
2013-07-04,294
2013-07-05,300
2013-07-06,300
2013-07-07,300
2013-07-08,300
2013-07-09,339
2013-07-10,322
2013-07-11,317
2013-07-12,289
2013-07-13,300
2013-07-14,333
2013-07-15,344
2013-07-16,344
2013-07-17,356
2013-07-18,356
2013-07-19,356
2013-07-20,350
2013-07-21,322
2013-07-22,350
2013-07-23,311
2013-07-24,306
2013-07-25,261
2013-07-26,272
2013-07-27,272
2013-07-28,250
2013-07-30,272
2013-07-31,272
2013-08-01,283
2013-08-02,278
2013-08-03,278
2013-08-04,283
2013-08-05,261
2013-08-06,278
2013-08-07,306
2013-08-08,294
2013-08-09,283
2013-08-10,294
2013-08-11,361
2013-08-12,283
2013-08-13,250
2013-08-14,233
2013-08-15,244
2013-08-16,272
2013-08-17,278
2013-08-18,283
2013-08-19,294
2013-08-20,306
2013-08-21,311
2013-08-22,306
2013-08-23,294
2013-08-24,306
2013-08-25,317
2013-08-26,328
2013-08-27,322
2013-08-28,322
2013-08-30,322
2013-08-31,322
2013-09-01,306
2013-09-02,294
2013-09-03,278
2013-09-04,283
2013-09-05,278
2013-09-06,267
2013-09-07,300
2013-09-08,294
2013-09-09,283
2013-09-10,361
2013-09-11,367
2013-09-12,339
2013-09-13,283
2013-09-14,211
2013-09-15,217
2013-09-16,200
2013-09-17,217
2013-09-18,256
2013-09-19,283
2013-09-20,300
2013-09-21,289
2013-09-22,239
2013-09-23,189
2013-09-24,217
2013-09-25,233
2013-09-26,261
2013-09-27,256
2013-09-28,261
2013-09-30,233
2013-10-01,250
2013-10-02,283
2013-10-03,283
2013-10-04,278
2013-10-05,278
2013-10-06,250
2013-10-07,222
2013-10-08,206
2013-10-09,222
2013-10-10,239
2013-10-11,244
2013-10-12,261
2013-10-13,267
2013-10-14,233
2013-10-15,206
2013-10-16,211
2013-10-17,178
2013-10-18,194
2013-10-19,189
2013-10-20,167
2013-10-21,167
2013-10-22,161
2013-10-23,122
2013-10-24,106
2013-10-25,111
2013-10-26,117
2013-10-27,156
2013-10-28,144
2013-10-30,194
2013-10-31,194
2013-11-01,178
2013-11-02,150
2013-11-03,106
2013-11-04,111
2013-11-05,139
2013-11-06,167
2013-11-07,150
2013-11-08,94
2013-11-09,161
2013-11-10,156
2013-11-11,100
2013-11-12,78
2013-11-13,56
2013-11-14,117
2013-11-15,117
2013-11-16,156
2013-11-17,194
2013-11-18,194
2013-11-19,178
2013-11-20,89
2013-11-21,100
2013-11-22,94
2013-11-23,83
2013-11-24,11
2013-11-25,11
2013-11-26,33
2013-11-27,22
2013-11-28,-5
2013-11-30,89
2013-12-01,100
2013-12-02,89
2013-12-03,67
2013-12-04,161
2013-12-05,172
2013-12-06,128
2013-12-07,67
2013-12-08,0
2013-12-09,17
2013-12-10,-6
2013-12-11,-28
2013-12-12,-28
2013-12-13,0
2013-12-14,11
2013-12-15,-21
2013-12-16,-22
2013-12-17,-21
2013-12-18,-6
2013-12-19,61
2013-12-20,133
2013-12-21,133
2013-12-22,67
2013-12-23,44
2013-12-24,6
2013-12-25,-21
2013-12-26,-5
2013-12-27,56
2013-12-28,94
2013-12-30,117
2013-12-31,-33
2014-01-01,-56
2014-01-02,-66
2014-01-03,-67
2014-01-04,0
2014-01-05,28
2014-01-06,22
2014-01-07,-94
2014-01-08,-72
2014-01-09,-27
2014-01-10,44
2014-01-11,72
2014-01-12,61
2014-01-13,83
2014-01-14,100
2014-01-15,67
2014-01-16,0
2014-01-17,11
2014-01-18,17
2014-01-19,-5
2014-01-20,11
2014-01-21,0
2014-01-22,-39
2014-01-23,-82
2014-01-24,-71
2014-01-25,0
2014-01-26,0
2014-01-27,-5
2014-01-28,-100
2014-01-30,-16
2014-01-31,22
2014-03-01,22
2014-03-02,6
2014-03-03,-33
2014-03-04,-33
2014-03-05,-28
2014-03-06,-10
2014-03-07,78
2014-03-08,94
2014-03-09,61
2014-03-10,111
2014-03-11,161
2014-03-12,144
2014-03-13,0
2014-03-14,106
2014-03-15,150
2014-03-16,61
2014-03-17,11
2014-03-18,94
2014-03-19,117
2014-03-20,111
2014-03-21,78
2014-03-22,94
2014-03-23,89
2014-03-24,17
2014-03-25,28
2014-03-26,11
2014-03-27,100
2014-03-28,150
2014-03-30,122
2014-03-31,178
2014-04-01,183
2014-04-02,172
2014-04-03,139
2014-04-04,139
2014-04-05,117
2014-04-06,144
2014-04-07,133
2014-04-08,189
2014-04-09,167
2014-04-10,228
2014-04-11,217
2014-04-12,244
2014-04-13,272
2014-04-14,256
2014-04-15,211
2014-04-16,72
2014-04-17,206
2014-04-18,206
2014-04-19,206
2014-04-20,244
2014-04-21,278
2014-04-22,261
2014-04-23,156
2014-04-24,144
2014-04-25,150
2014-04-26,183
2014-04-27,172
2014-04-28,150
2014-04-30,278
2014-05-01,250
2014-05-02,178
2014-05-03,189
2014-05-04,200
2014-05-05,161
2014-05-06,189
2014-05-07,200
2014-05-08,317
2014-05-09,317
2014-05-10,261
2014-05-11,272
2014-05-12,283
2014-05-13,322
2014-05-14,306
2014-05-15,189
2014-05-16,167
2014-05-17,150
2014-05-18,211
2014-05-19,233
2014-05-20,267
2014-05-21,300
2014-05-22,294
2014-05-23,239
2014-05-24,272
2014-05-25,294
2014-05-26,311
2014-05-27,317
2014-05-28,306
2014-05-30,283
2014-05-31,289
2014-06-01,311
2014-06-02,317
2014-06-03,306
2014-06-04,283
2014-06-05,256
2014-06-06,289
2014-06-07,294
2014-06-08,289
2014-06-09,289
2014-06-10,294
2014-06-11,283
2014-06-12,272
2014-06-13,267
2014-06-14,261
2014-06-15,300
2014-06-16,339
2014-06-17,350
2014-06-18,339
2014-06-19,306
2014-06-20,256
2014-06-21,289
2014-06-22,294
2014-06-23,311
2014-06-24,300
2014-06-25,294
2014-06-26,289
2014-06-27,306
2014-06-28,333
2014-06-30,322
2014-07-01,322
2014-07-02,300
2014-07-03,283
2014-07-04,272
2014-07-05,278
2014-07-06,294
2014-07-07,328
2014-07-08,317
2014-07-09,300
2014-07-10,294
2014-07-11,294
2014-07-12,317
2014-07-13,317
2014-07-14,306
2014-07-15,311
2014-07-16,272
2014-07-17,272
2014-07-18,278
2014-07-19,272
2014-07-20,300
2014-07-21,317
2014-07-22,344
2014-07-23,333
2014-07-24,272
2014-07-25,278
2014-07-26,306
2014-07-27,333
2014-07-28,328
2014-07-30,267
2014-07-31,294
2014-08-01,294
2014-08-02,289
2014-08-03,317
2014-08-04,322
2014-08-05,311
2014-08-06,289
2014-08-07,306
2014-08-08,294
2014-08-09,300
2014-08-10,328
2014-08-11,311
2014-08-12,278
2014-08-13,272
2014-08-14,267
2014-08-15,261
2014-08-16,306
2014-08-17,278
2014-08-18,278
2014-08-19,317
2014-08-20,306
2014-08-21,294
2014-08-22,317
2014-08-23,317
2014-08-24,289
2014-08-25,322
2014-08-26,339
2014-08-27,322
2014-08-28,289
2014-08-30,317
2014-08-31,306
2014-09-01,317
2014-09-02,317
2014-09-03,294
2014-09-04,322
2014-09-05,356
2014-09-06,344
2014-09-07,261
2014-09-08,333
2014-09-09,333
2014-09-10,267
2014-09-11,244
2014-09-12,250
2014-09-13,200
2014-09-14,189
2014-09-15,194
2014-09-16,217
2014-09-17,222
2014-09-18,222
2014-09-19,228
2014-09-20,294
2014-09-21,272
2014-09-22,211
2014-09-23,239
2014-09-24,256
2014-09-25,261
2014-09-26,267
2014-09-27,278
2014-09-28,283
2014-09-30,272
2014-10-01,222
2014-10-02,272
2014-10-03,233
2014-10-04,211
2014-10-05,150
2014-10-06,189
2014-10-07,222
2014-10-08,189
2014-10-09,178
2014-10-10,172
2014-10-11,172
2014-10-12,189
2014-10-13,250
2014-10-14,250
2014-10-15,239
2014-10-16,206
2014-10-17,200
2014-10-18,194
2014-10-19,139
2014-10-20,167
2014-10-21,156
2014-10-22,161
2014-10-23,167
2014-10-24,178
2014-10-25,233
2014-10-26,211
2014-10-27,267
2014-10-28,256
2014-10-30,122
2014-10-31,122
2014-11-01,72
2014-11-02,111
2014-11-03,183
2014-11-04,167
2014-11-05,167
2014-11-06,156
2014-11-07,94
2014-11-08,94
2014-11-09,83
2014-11-10,161
2014-11-11,200
2014-11-12,178
2014-11-13,39
2014-11-14,33
2014-11-15,28
2014-11-16,28
2014-11-17,17
2014-11-18,11
2014-11-19,11
2014-11-20,6
2014-11-21,-10
2014-11-22,106
2014-11-23,156
2014-11-24,172
2014-11-25,172
2014-11-26,28
2014-11-27,39
2014-11-28,22
2014-11-30,178
2014-12-01,172
2014-12-02,33
2014-12-03,61
2014-12-04,50
2014-12-05,50
2014-12-06,67
2014-12-07,67
2014-12-08,72
2014-12-09,56
2014-12-10,50
2014-12-11,61
2014-12-12,50
2014-12-13,89
2014-12-14,139
2014-12-15,128
2014-12-16,139
2014-12-17,122
2014-12-18,22
2014-12-19,11
2014-12-20,6
2014-12-21,33
2014-12-22,61
2014-12-23,122
2014-12-24,139
2014-12-25,100
2014-12-26,100
2014-12-27,111
2014-12-28,133
2014-12-30,33
2014-12-31,-28
